table_name,column_name,data_type,character_maximum_length,numeric_precision,numeric_scale,is_nullable,column_default,ordinal_position,is_primary_key,foreign_table_name,foreign_column_name
artists,artist,text,null,null,null,NO,null,1,YES,null,null
artists,artist_id,uuid,null,null,null,NO,gen_random_uuid(),2,YES,null,null
bugs,bug_id,uuid,null,null,null,NO,gen_random_uuid(),1,YES,null,null
bugs,bug_type,text,null,null,null,NO,null,2,NO,null,null
bugs,bug_submissiondate,timestamp with time zone,null,null,null,NO,null,3,NO,null,null
bugs,bug_contactemail,text,null,null,null,NO,null,4,NO,null,null
bugs,bug_detail,text,null,null,null,NO,null,5,NO,null,null
bugs,bug_completion,boolean,null,null,null,NO,null,6,NO,null,null
bugs,bug_file_url,text,null,null,null,YES,null,7,NO,null,null
categories,category,text,null,null,null,NO,null,1,YES,null,null
categories,category_id,uuid,null,null,null,NO,gen_random_uuid(),2,YES,null,null
categories,category_type,text,null,null,null,NO,null,3,NO,null,null
categories,category_canonid,smallint,null,16,0,NO,null,4,NO,null,null
categories,category_artwork,text,null,null,null,YES,null,5,NO,null,null
categories,category_release_artist,text,null,null,null,YES,null,7,NO,null,null
categories,category_display_name,text,null,null,null,YES,null,8,NO,null,null
categories,category_releasedate,date,null,null,null,YES,null,11,NO,null,null
changes,change_uuid,uuid,null,null,null,NO,gen_random_uuid(),1,YES,null,null
changes,change,text,null,null,null,NO,null,2,NO,null,null
discography,uuid,uuid,null,null,null,NO,gen_random_uuid(),1,YES,null,null
discography,name,text,null,null,null,NO,null,2,NO,null,null
discography,displayname,text,null,null,null,NO,null,3,NO,null,null
discography,artist,text,null,null,null,NO,null,4,NO,null,null
discography,category,text,null,null,null,NO,null,5,NO,discography_categories,category
discography,artwork,text,null,null,null,NO,null,6,NO,null,null
discography,canon_id,smallint,null,16,0,NO,null,7,NO,null,null
discography,release_date,date,null,null,null,YES,null,8,NO,null,null
discography,coach_notes,text,null,null,null,YES,null,9,NO,null,null
discography_categories,uuid,uuid,null,null,null,NO,gen_random_uuid(),1,YES,null,null
discography_categories,category,text,null,null,null,NO,null,2,NO,null,null
groups,group,text,null,null,null,NO,null,1,YES,null,null
groups,group_id,uuid,null,null,null,NO,gen_random_uuid(),2,YES,null,null
guests,guest_category,text,null,null,null,NO,null,2,NO,null,null
guests,guest_instrument,text,null,null,null,NO,null,3,NO,null,null
guests,guest_displayname,text,null,null,null,NO,null,4,NO,null,null
guests,guest_id,uuid,null,null,null,NO,gen_random_uuid(),5,YES,null,null
guests,guest_canonid,smallint,null,16,0,NO,null,6,NO,null,null
guests,guest,text,null,null,null,NO,null,7,NO,null,null
joty_games,joty_game_uuid,uuid,null,null,null,NO,gen_random_uuid(),1,YES,null,null
joty_games,joty_game,smallint,null,16,0,NO,null,2,NO,null,null
joty_matchups,joty_matchup_uuid,uuid,null,null,null,NO,gen_random_uuid(),1,YES,null,null
joty_matchups,joty_round,text,null,null,null,NO,null,2,NO,joty_rounds,joty_round
joty_matchups,joty_region,text,null,null,null,NO,null,3,NO,joty_regions,joty_region
joty_matchups,joty_entry1,uuid,null,null,null,YES,null,4,NO,setlist_entries,entry_id
joty_matchups,joty_entry1_rank,smallint,null,16,0,NO,null,5,NO,joty_ranks,joty_rank
joty_matchups,joty_entry1_percentage,numeric,null,null,null,YES,null,6,NO,null,null
joty_matchups,joty_entry2,uuid,null,null,null,YES,null,7,NO,setlist_entries,entry_id
joty_matchups,joty_entry2_rank,smallint,null,16,0,NO,null,8,NO,joty_ranks,joty_rank
joty_matchups,joty_entry2_percentage,numeric,null,null,null,YES,null,9,NO,null,null
joty_matchups,joty_game,smallint,null,16,0,NO,null,10,NO,joty_games,joty_game
joty_matchups,joty_year,text,null,null,null,NO,null,11,NO,years,year
joty_ranks,joty_rank_uuid,uuid,null,null,null,NO,gen_random_uuid(),1,YES,null,null
joty_ranks,joty_rank,smallint,null,16,0,NO,null,2,NO,null,null
joty_regions,joty_regions_uuid,uuid,null,null,null,NO,gen_random_uuid(),1,YES,null,null
joty_regions,joty_region,text,null,null,null,NO,null,2,NO,null,null
joty_regions,joty_region_year,text,null,null,null,NO,null,3,NO,years,year
joty_regions,joty_region_displayname,text,null,null,null,NO,null,4,NO,null,null
joty_regions,joty_region_prioritylevel,smallint,null,16,0,YES,null,5,NO,null,null
joty_results,entry_id,uuid,null,null,null,NO,null,1,YES,setlist_entries,entry_id
joty_results,year,integer,null,32,0,NO,null,2,NO,null,null
joty_results,round_achieved,text,null,null,null,NO,null,4,NO,joty_rounds,joty_round_abbr
joty_rounds,joty_round_uuid,uuid,null,null,null,NO,gen_random_uuid(),2,NO,null,null
joty_rounds,joty_round,text,null,null,null,NO,null,5,NO,null,null
joty_rounds,joty_round_abbr,text,null,null,null,NO,null,6,YES,null,null
joty_rounds,joty_round_priority,smallint,null,16,0,NO,null,7,NO,null,null
lists,list_id,uuid,null,null,null,NO,gen_random_uuid(),1,YES,null,null
lists,list_name,text,null,null,null,NO,null,2,NO,null,null
lists,list_description,text,null,null,null,NO,null,3,NO,null,null
lists,list_category,text,null,null,null,NO,null,4,NO,null,null
lists,list_order,smallint,null,16,0,NO,null,5,NO,null,null
looseends,end_id,uuid,null,null,null,NO,gen_random_uuid(),1,NO,null,null
looseends,end,text,null,null,null,NO,null,2,YES,null,null
looseends,end_description,text,null,null,null,NO,null,3,NO,null,null
looseends,end_image,text,null,null,null,NO,null,4,NO,null,null
looseends,end_order,smallint,null,16,0,NO,null,5,NO,null,null
looseends,end_image_collected,text,null,null,null,YES,null,6,NO,null,null
looseends,end_category,text,null,null,null,YES,null,7,NO,null,null
looseends,end_visible,boolean,null,null,null,NO,true,8,NO,null,null
placements,placements,text,null,null,null,NO,null,1,YES,null,null
placements,placement_order,smallint,null,16,0,YES,null,2,NO,null,null
profiles,id,uuid,null,null,null,NO,null,1,YES,null,null
profiles,username,text,null,null,null,YES,null,2,NO,null,null
profiles,website,text,null,null,null,YES,null,4,NO,null,null
profiles,updated_at,timestamp with time zone,null,null,null,YES,null,5,NO,null,null
profiles,created_at,timestamp with time zone,null,null,null,NO,now(),6,NO,null,null
releases,release_id,uuid,null,null,null,NO,gen_random_uuid(),1,YES,null,null
releases,release_artwork,text,null,null,null,NO,null,3,NO,null,null
releases,release_displayname,text,null,null,null,NO,null,4,NO,null,null
releases,release_link,text,null,null,null,NO,null,5,NO,null,null
releases,release_service,text,null,null,null,NO,null,6,NO,null,null
releases,release,text,null,null,null,NO,null,7,NO,null,null
releases_shows,release_id,uuid,null,null,null,NO,null,1,NO,releases,release_id
releases_shows,show_id,uuid,null,null,null,NO,null,2,YES,shows,show_id
releases_shows,release_order,smallint,null,16,0,NO,null,3,YES,null,null
segues,segues,text,null,null,null,NO,null,1,YES,null,null
setlist_entries,entry_id,uuid,null,null,null,NO,gen_random_uuid(),3,YES,null,null
setlist_entries,entry_set,text,null,null,null,NO,null,5,NO,sets,set
setlist_entries,entry_setnum,integer,null,32,0,NO,null,6,NO,setnums,setnums
setlist_entries,entry_song,text,null,null,null,NO,null,7,NO,songs,song
setlist_entries,entry_short,text,null,null,null,YES,null,9,NO,song_shorts,song_shorts
setlist_entries,entry_segue,text,null,null,null,YES,null,10,NO,segues,segues
setlist_entries,entry_length,interval,null,null,null,YES,null,11,NO,null,null
setlist_entries,entry_placement,text,null,null,null,NO,null,13,NO,placements,placements
setlist_entries,entry_coachnotes,text,null,null,null,YES,null,15,NO,null,null
setlist_entries,entry_show,uuid,null,null,null,YES,null,20,NO,shows,show_id
setlist_entries,entry_setorder,integer,null,32,0,YES,null,21,NO,null,null
setlist_entries,song_tour_count,text,null,null,null,YES,null,22,NO,null,null
setlist_entries,last_count,text,null,null,null,YES,null,23,NO,null,null
setlist_entries,last_show_id,uuid,null,null,null,YES,null,24,NO,null,null
setlist_entries,last_show_tour,text,null,null,null,YES,null,25,NO,null,null
setlist_entries,last_show_subvenue,text,null,null,null,YES,null,26,NO,null,null
setlist_entries,last_venue,text,null,null,null,YES,null,27,NO,null,null
setlist_entries,last_venue_location,text,null,null,null,YES,null,28,NO,null,null
setlist_entries,last_show_date,text,null,null,null,YES,null,29,NO,null,null
setlist_entries,times_played,text,null,null,null,YES,null,30,NO,null,null
setlist_entries,shows_since_debut,text,null,null,null,YES,null,31,NO,null,null
setlist_entries,song_rarity_percentage,text,null,null,null,YES,null,32,NO,null,null
setlist_entries,times_played_num,smallint,null,16,0,YES,null,33,NO,null,null
setlist_entries,shows_since_debut_num,smallint,null,16,0,YES,null,34,NO,null,null
setlist_entries,entry_new,text,null,null,null,YES,'FALSE'::text,35,NO,null,null
setlist_entries,entry_joty_link,text,null,null,null,YES,null,36,NO,null,null
setlist_entries,radio_id,text,null,null,null,YES,null,37,NO,null,null
setlist_entry_guests,setlist_entry_id,uuid,null,null,null,NO,null,1,YES,setlist_entries,entry_id
setlist_entry_guests,guest_id,uuid,null,null,null,NO,null,2,YES,guests,guest_id
setlist_entry_media,uuid,uuid,null,null,null,NO,gen_random_uuid(),1,YES,null,null
setlist_entry_media,setlist_entry_id,uuid,null,null,null,YES,null,2,NO,setlist_entries,entry_id
setlist_entry_media,release_id,uuid,null,null,null,YES,null,3,NO,releases,release_id
setlist_game_picks,pick_id,uuid,null,null,null,NO,uuid_generate_v4(),1,YES,null,null
setlist_game_picks,submission_id,uuid,null,null,null,NO,null,2,NO,setlist_game_submissions,submission_id
setlist_game_picks,user_id,uuid,null,null,null,NO,null,3,NO,null,null
setlist_game_picks,show_id,uuid,null,null,null,NO,null,4,NO,shows,show_id
setlist_game_picks,song,text,null,null,null,NO,null,5,NO,songs,song
setlist_game_picks,set,text,null,null,null,NO,null,6,NO,sets,set
setlist_game_picks,setnum,integer,null,32,0,NO,null,7,NO,setnums,setnums
setlist_game_picks,placement,text,null,null,null,YES,null,8,NO,placements,placements
setlist_game_picks,pick_timestamp,timestamp with time zone,null,null,null,NO,now(),9,NO,null,null
setlist_game_picks,score,integer,null,32,0,YES,null,10,NO,null,null
setlist_game_picks,result,text,null,null,null,YES,null,11,NO,null,null
setlist_game_picks,showcloser_correct,boolean,null,null,null,NO,false,12,NO,null,null
setlist_game_picks,showopener_correct,boolean,null,null,null,NO,false,13,NO,null,null
setlist_game_submissions,submission_id,uuid,null,null,null,NO,uuid_generate_v4(),1,YES,null,null
setlist_game_submissions,user_id,uuid,null,null,null,NO,null,2,NO,null,null
setlist_game_submissions,show_id,uuid,null,null,null,NO,null,3,NO,shows,show_id
setlist_game_submissions,tour_id,text,null,null,null,NO,null,4,NO,tours,tour
setlist_game_submissions,submission_timestamp,timestamp with time zone,null,null,null,NO,now(),5,NO,null,null
setlist_game_submissions,submission_status,text,null,null,null,NO,null,6,NO,null,null
setlist_game_submissions,total_songs_picked,integer,null,32,0,NO,0,7,NO,null,null
setlist_game_submissions,total_songs_played,integer,null,32,0,YES,null,8,NO,null,null
setlist_game_submissions,score,integer,null,32,0,YES,null,9,NO,null,null
setnums,setnums,integer,null,32,0,NO,null,1,YES,null,null
sets,set,text,null,null,null,NO,null,1,YES,null,null
show_changes,show_change_uuid,uuid,null,null,null,NO,gen_random_uuid(),1,YES,null,null
show_changes,show_id,uuid,null,null,null,NO,null,2,NO,shows,show_id
show_changes,change_type,text,null,null,null,NO,null,3,NO,changes,change
show_changes,change_order,smallint,null,16,0,NO,null,4,NO,null,null
show_changes,change,text,null,null,null,NO,null,5,NO,null,null
show_ratings,uuid,uuid,null,null,null,NO,gen_random_uuid(),1,YES,null,null
show_ratings,show_id,uuid,null,null,null,NO,null,2,NO,shows,show_id
show_ratings,user_id,uuid,null,null,null,NO,null,3,NO,profiles,id
show_ratings,rating,smallint,null,16,0,NO,null,4,NO,null,null
show_ratings,review,text,null,null,null,YES,null,5,NO,null,null
show_setlists,setlist_uuid,uuid,null,null,null,NO,gen_random_uuid(),1,YES,null,null
show_setlists,show_id,uuid,null,null,null,NO,null,2,NO,shows,show_id
show_setlists,show_id,uuid,null,null,null,NO,null,2,NO,shows,show_id
show_setlists,setlist_url,text,null,null,null,NO,null,3,NO,null,null
shows,show_date,date,null,null,null,NO,null,1,NO,null,null
shows,show_id,uuid,null,null,null,NO,gen_random_uuid(),2,YES,null,null
shows,show_group,text,null,null,null,NO,null,3,NO,groups,group
shows,show_tour,text,null,null,null,NO,null,4,NO,tours,tour
shows,show_subvenue,text,null,null,null,NO,null,5,NO,subvenues,subvenue
shows,show_iscanon,boolean,null,null,null,NO,null,7,NO,null,null
shows,show_alert,text,null,null,null,YES,null,8,NO,null,null
shows,show_detail,text,null,null,null,YES,null,9,NO,null,null
shows,show_canonid,integer,null,32,0,YES,null,12,NO,null,null
shows,show_year,text,null,null,null,NO,null,13,NO,years,year
shows,show_coachnotes,text,null,null,null,YES,null,14,NO,null,null
shows,show_subvenue_venue,text,null,null,null,YES,null,15,NO,null,null
shows,show_venue_location,text,null,null,null,YES,null,16,NO,null,null
shows,show_day,text,null,null,null,YES,null,17,NO,null,null
shows,show_callbacks,text,null,null,null,YES,null,18,NO,null,null
shows,show_time,timestamp with time zone,null,null,null,YES,null,19,NO,null,null
shows,show_issetlistgame,boolean,null,null,null,NO,null,20,NO,null,null
shows,show_scored,boolean,null,null,null,NO,false,21,NO,null,null
shows,show_stand,text,null,null,null,YES,null,22,NO,stands,stand
shows,show_wl_link,text,null,null,null,YES,null,24,NO,null,null
shows,rating_visibility,boolean,null,null,null,NO,true,25,NO,null,null
shows,show_length,interval,null,null,null,YES,null,26,NO,null,null
shows,show_rarity,numeric,null,5,2,YES,null,27,NO,null,null
shows,show_gap,numeric,null,5,2,YES,null,28,NO,null,null
shows,show_listcategorycomplete,text,null,null,null,YES,null,29,NO,null,null
shows,show_jivecomplete,boolean,null,null,null,NO,false,30,NO,null,null
shows,show_dripfieldcomplete,boolean,null,null,null,NO,false,31,NO,null,null
shows,show_setlistcomplete,boolean,null,null,null,NO,false,32,NO,null,null
song_shorts,song_shorts,text,null,null,null,NO,null,1,YES,null,null
songs,song,text,null,null,null,NO,null,1,YES,null,null
songs,song_category,text,null,null,null,YES,null,2,NO,categories,category
songs,song_originalartist,text,null,null,null,NO,null,3,NO,artists,artist
songs,song_id,uuid,null,null,null,NO,gen_random_uuid(),4,YES,null,null
songs,song_categoryorder,smallint,null,16,0,YES,null,5,NO,null,null
songs,song_coachnotes,text,null,null,null,YES,null,6,NO,null,null
songs,song_placeholder,boolean,null,null,null,NO,false,7,NO,null,null
songs,song_lyrics,text,null,null,null,YES,null,8,NO,null,null
songs,song_writer,text,null,null,null,YES,null,9,NO,null,null
songs,setlistgame_omit,boolean,null,null,null,NO,false,10,NO,null,null
stand_categories,stand_category_uuid,uuid,null,null,null,NO,gen_random_uuid(),1,NO,null,null
stand_categories,stand_category,text,null,null,null,NO,null,2,YES,null,null
stands,stand_id,uuid,null,null,null,NO,gen_random_uuid(),1,NO,null,null
stands,stand,text,null,null,null,NO,null,2,YES,null,null
stands,stand_category,text,null,null,null,NO,null,3,NO,stand_categories,stand_category
subvenues,subvenue,text,null,null,null,NO,null,1,YES,null,null
subvenues,subvenue_id,uuid,null,null,null,NO,gen_random_uuid(),4,YES,null,null
subvenues,subvenue_venue,text,null,null,null,NO,null,5,NO,venues,venue
subvenues,subvenue_startdate,date,null,null,null,YES,null,6,NO,null,null
subvenues,subvenue_enddate,date,null,null,null,YES,null,7,NO,null,null
subvenues,subvenue_venue_location,text,null,null,null,YES,null,8,NO,null,null
tours,tour,text,null,null,null,NO,null,1,YES,null,null
tours,tour_canonid,smallint,null,16,0,NO,null,2,NO,null,null
tours,tour_id,uuid,null,null,null,NO,gen_random_uuid(),3,YES,null,null
tours,tour_showfields,boolean,null,null,null,YES,null,4,NO,null,null
tours,tour_venuemap,boolean,null,null,null,NO,false,5,NO,null,null
user_attended_shows,id,uuid,null,null,null,NO,uuid_generate_v4(),1,YES,null,null
user_attended_shows,user_id,uuid,null,null,null,NO,null,2,NO,null,null
user_attended_shows,show_id,uuid,null,null,null,NO,null,3,NO,shows,show_id
user_attended_shows,created_at,timestamp with time zone,null,null,null,NO,now(),4,NO,null,null
user_roles,id,uuid,null,null,null,NO,null,1,YES,null,null
user_roles,is_admin,boolean,null,null,null,YES,false,2,NO,null,null
user_roles,updated_at,timestamp with time zone,null,null,null,NO,now(),3,NO,null,null
venues,venue,text,null,null,null,NO,null,1,YES,null,null
venues,venue_location,text,null,null,null,NO,null,2,NO,null,null
venues,venue_id,uuid,null,null,null,NO,gen_random_uuid(),3,YES,null,null
venues,venue_coachnotes,text,null,null,null,YES,null,4,NO,null,null
venues,venue_global,boolean,null,null,null,NO,null,5,NO,null,null
venues,venue_address,text,null,null,null,YES,null,6,NO,null,null
venues,venue_latitude,text,null,null,null,YES,null,7,NO,null,null
venues,venue_longitude,text,null,null,null,YES,null,8,NO,null,null
wted_episode_entries,uuid,uuid,null,null,null,NO,gen_random_uuid(),1,YES,null,null
wted_episode_entries,song,uuid,null,null,null,NO,null,2,NO,setlist_entries,entry_id
wted_episode_entries,episode,uuid,null,null,null,NO,null,3,NO,wted_episodes,uuid
wted_episode_entries,order,smallint,null,16,0,NO,null,4,NO,setnums,setnums
wted_episode_entries,set,text,null,null,null,NO,null,5,NO,sets,set
wted_episode_entries,placement,text,null,null,null,NO,null,6,NO,placements,placements
wted_episodes,uuid,uuid,null,null,null,NO,gen_random_uuid(),1,YES,null,null
wted_episodes,episode,text,null,null,null,NO,null,2,NO,null,null
wted_episodes,show,text,null,null,null,NO,null,3,NO,wted_shows,show
wted_episodes,order,smallint,null,16,0,YES,null,4,NO,null,null
wted_episodes,artwork,text,null,null,null,YES,null,5,NO,null,null
wted_episodes,host,text,null,null,null,YES,null,6,NO,null,null
wted_episodes,host_displayname,text,null,null,null,YES,null,7,NO,null,null
wted_shows,uuid,uuid,null,null,null,NO,gen_random_uuid(),1,NO,null,null
wted_shows,show,text,null,null,null,NO,null,2,YES,null,null
wted_shows,order,smallint,null,16,0,YES,null,3,NO,null,null
years,year,text,null,null,null,NO,null,1,YES,null,null
years,year_id,uuid,null,null,null,NO,gen_random_uuid(),2,YES,null,null