base,flags,caption,dates,show_detail,tour,images
2024-11-03_18-29-06_UTC,no date or tour found,Art by @munk_one,,,,2024-11-03_18-29-06_UTC.jpg
2024-11-03_18-29-14_UTC,no date or tour found,Art by @mattleunig,,,,2024-11-03_18-29-14_UTC.jpg
2024-11-03_18-29-18_UTC,no date or tour found,Art by @weirdbeard72,,,,2024-11-03_18-29-18_UTC.jpg
2024-11-03_18-29-21_UTC,no artist credited; no date or tour found,Art by Richard Biffle (no social media handle I could find - JMB),,,,2024-11-03_18-29-21_UTC.jpg
2024-11-03_18-29-27_UTC,no date or tour found,Art by @arenvandenburgh,,,,2024-11-03_18-29-27_UTC.jpg
2024-11-03_18-29-32_UTC,no date or tour found,Art by @twinhomeprints,,,,2024-11-03_18-29-32_UTC.jpg
2024-11-03_18-29-35_UTC,no date or tour found,Art by @joseberriolesmes,,,,2024-11-03_18-29-35_UTC.jpg
2024-11-03_18-29-39_UTC,no date or tour found,Art by @first.earth,,,,2024-11-03_18-29-39_UTC.jpg
2024-11-03_18-29-43_UTC,no artist credited; no date or tour found,Art by haxloeffler,,,,2024-11-03_18-29-43_UTC.jpg
2024-11-03_18-31-08_UTC,no date or tour found,Art by @mazza_art / I attended this show! - JMB,,,,2024-11-03_18-31-08_UTC.jpg
2024-11-03_18-31-29_UTC,no date or tour found,Art by @davekloc  / A @consciousalliance Poster,,,,2024-11-03_18-31-29_UTC.jpg
2024-11-03_18-31-43_UTC,no date or tour found,Art by @zazzcorp,,,,2024-11-03_18-31-43_UTC.jpg
2024-11-03_18-31-57_UTC,no date or tour found,Art by @pollockprints,,,,2024-11-03_18-31-57_UTC.jpg
2024-11-03_18-32-09_UTC,no date or tour found,Art by @onedropdesignstudio,,,,2024-11-03_18-32-09_UTC.jpg
2024-11-03_18-32-23_UTC,no date or tour found,Art by @epicproblemz,,,,2024-11-03_18-32-23_UTC.jpg
2024-11-03_18-32-57_UTC,no date or tour found,Art by @reubenrude,,,,2024-11-03_18-32-57_UTC.jpg
2024-11-03_18-33-10_UTC,no date or tour found,Art by @landonlarmstrong,,,,2024-11-03_18-33-10_UTC.jpg
2024-11-03_18-33-26_UTC,no date or tour found,Art by @barrytheartguy,,,,2024-11-03_18-33-26_UTC.jpg
2024-11-03_18-33-53_UTC,no date or tour found,Art by @thegrassspot,,,,2024-11-03_18-33-53_UTC.jpg
2024-11-03_18-34-10_UTC,no date or tour found,Art by @welkerstudios,,,,"2024-11-03_18-34-10_UTC_1.jpg,2024-11-03_18-34-10_UTC_2.jpg"
2024-11-03_18-34-21_UTC,no date or tour found,Art by @travisgillan,,,,2024-11-03_18-34-21_UTC.jpg
2024-11-03_18-34-36_UTC,no date or tour found,Art by @chris_gallen  / A @consciousalliance Poster,,,,2024-11-03_18-34-36_UTC.jpg
2024-11-03_18-34-51_UTC,no date or tour found,Art by @danstiles  / A @consciousalliance Poster,,,,2024-11-03_18-34-51_UTC.jpg
2024-11-03_18-35-09_UTC,no date or tour found,Art by @yourcinema,,,,2024-11-03_18-35-09_UTC.jpg
2024-11-03_18-35-23_UTC,no artist credited; no date or tour found,Art @peteschawvisuals  / A @consciousalliance Poster,,,,2024-11-03_18-35-23_UTC.jpg
2024-11-03_18-36-41_UTC,no date or tour found,"Art by @davekloc and @twinhomeprints  / One of my absolute favorites - if anyone got all 6 posters and have them up, message me and I’ll post here. - JMB",,,,"2024-11-03_18-36-41_UTC_1.jpg,2024-11-03_18-36-41_UTC_2.jpg,2024-11-03_18-36-41_UTC_3.jpg,2024-11-03_18-36-41_UTC_4.jpg,2024-11-03_18-36-41_UTC_5.jpg,2024-11-03_18-36-41_UTC_6.jpg,2024-11-03_18-36-41_UTC_7.jpg"
2024-11-03_18-37-17_UTC,no date or tour found,Art by @ajmasthay,,,,"2024-11-03_18-37-17_UTC_1.jpg,2024-11-03_18-37-17_UTC_2.jpg,2024-11-03_18-37-17_UTC_3.jpg"
2024-11-03_18-37-28_UTC,no date or tour found,Art by @halfhazardpress  / A @consciousalliance Poster,,,,2024-11-03_18-37-28_UTC.jpg
2024-11-03_18-37-42_UTC,no date or tour found,Art by @tinymediaempire,,,,2024-11-03_18-37-42_UTC.jpg
2024-11-03_18-37-57_UTC,no date or tour found,Art by @pkreizenbeck,,,,"2024-11-03_18-37-57_UTC_1.jpg,2024-11-03_18-37-57_UTC_2.jpg,2024-11-03_18-37-57_UTC_3.jpg,2024-11-03_18-37-57_UTC_4.jpg"
2024-11-03_18-38-10_UTC,no date or tour found,Art by @thebirdmachine,,,,2024-11-03_18-38-10_UTC.jpg
2024-11-03_18-38-28_UTC,no date or tour found,Art by @statusserigraph  / A @consciousalliance Poster,,,,"2024-11-03_18-38-28_UTC_1.jpg,2024-11-03_18-38-28_UTC_2.jpg"
2024-11-03_18-38-44_UTC,no date or tour found,Art by @maxweso_art,,,,"2024-11-03_18-38-44_UTC_1.jpg,2024-11-03_18-38-44_UTC_2.jpg"
2024-11-03_18-39-03_UTC,no date or tour found,Art by @zeb_love,,,,"2024-11-03_18-39-03_UTC_1.jpg,2024-11-03_18-39-03_UTC_2.jpg"
2024-11-03_18-39-22_UTC,no date or tour found,Art by @zeb_love,,,,2024-11-03_18-39-22_UTC.jpg
2024-11-03_18-39-39_UTC,no date or tour found,Art by @notjohnvogl,,,,"2024-11-03_18-39-39_UTC_1.jpg,2024-11-03_18-39-39_UTC_2.jpg,2024-11-03_18-39-39_UTC_3.jpg"
2024-11-03_18-40-00_UTC,no date or tour found,Art by @somesaxyart,,,,2024-11-03_18-40-00_UTC.jpg
2024-11-03_18-40-11_UTC,no date or tour found,Art by @darinshock  / A @consciousalliance Poster,,,,2024-11-03_18-40-11_UTC.jpg
2024-11-03_18-40-26_UTC,no date or tour found,Art by @landlandcolportage,,,,2024-11-03_18-40-26_UTC.jpg
2024-11-03_18-40-42_UTC,no date or tour found,Art by @justinsantora,,,,"2024-11-03_18-40-42_UTC_1.jpg,2024-11-03_18-40-42_UTC_2.jpg"
2024-11-03_18-41-05_UTC,no date or tour found,Art by @twinhomeprints,,,,"2024-11-03_18-41-05_UTC_1.jpg,2024-11-03_18-41-05_UTC_2.jpg,2024-11-03_18-41-05_UTC_3.jpg"
2024-11-03_18-41-52_UTC,no date or tour found,Art by @moonlightspeed  / (A personal favorite - JMB),,,,"2024-11-03_18-41-52_UTC_1.jpg,2024-11-03_18-41-52_UTC_2.jpg,2024-11-03_18-41-52_UTC_3.jpg"
2024-11-03_18-42-10_UTC,no date or tour found,Art by @pkreizenbeck  / A @consciousalliance Poster,,,,2024-11-03_18-42-10_UTC.jpg
2024-11-03_18-42-30_UTC,no date or tour found,Art by @bioworkz,,,,"2024-11-03_18-42-30_UTC_1.jpg,2024-11-03_18-42-30_UTC_2.jpg"
2024-11-03_18-42-47_UTC,no date or tour found,Art by @bioworkz,,,,"2024-11-03_18-42-47_UTC_1.jpg,2024-11-03_18-42-47_UTC_2.jpg"
2024-11-03_18-43-10_UTC,no date or tour found,Art by @epicproblemz,,,,"2024-11-03_18-43-10_UTC_1.jpg,2024-11-03_18-43-10_UTC_2.jpg,2024-11-03_18-43-10_UTC_3.jpg"
2024-11-03_18-43-23_UTC,no date or tour found,Art by @zoltron,,,,"2024-11-03_18-43-23_UTC_1.jpg,2024-11-03_18-43-23_UTC_2.jpg"
2024-11-03_18-43-35_UTC,no date or tour found,Art by @spustastudio,,,,"2024-11-03_18-43-35_UTC_1.jpg,2024-11-03_18-43-35_UTC_2.jpg"
2024-11-03_18-43-47_UTC,no date or tour found,Art by @serlostudios,,,,2024-11-03_18-43-47_UTC.jpg
2024-11-03_18-44-03_UTC,no date or tour found,Art by @snkhds,,,,"2024-11-03_18-44-03_UTC_1.jpg,2024-11-03_18-44-03_UTC_2.jpg"
2024-11-03_18-45-07_UTC,no date or tour found,Art by @mazza_art  / A @consciousalliance Poster,,,,2024-11-03_18-45-07_UTC.jpg
2024-11-03_18-45-17_UTC,no date or tour found,Art by @dylanfantillustration,,,,2024-11-03_18-45-17_UTC.jpg
2024-11-03_18-45-31_UTC,no date or tour found,Art by @bollysbodega,,,,"2024-11-03_18-45-31_UTC_1.jpg,2024-11-03_18-45-31_UTC_2.jpg"
2024-11-03_18-45-44_UTC,no date or tour found,Art by @halfhazardpress,,,,"2024-11-03_18-45-44_UTC_1.jpg,2024-11-03_18-45-44_UTC_2.jpg"
2024-11-03_18-46-31_UTC,no date or tour found,"Art by @brandon.trammel  / (Love this one, especially one on the left - JMB)",,,,2024-11-03_18-46-31_UTC.jpg
2024-11-03_18-46-50_UTC,no date or tour found,Art by @thegrassspot,,,,"2024-11-03_18-46-50_UTC_1.jpg,2024-11-03_18-46-50_UTC_2.jpg"
2024-11-03_18-47-18_UTC,no date or tour found,Art by @lewyjones,,,,"2024-11-03_18-47-18_UTC_1.jpg,2024-11-03_18-47-18_UTC_2.jpg,2024-11-03_18-47-18_UTC_3.jpg,2024-11-03_18-47-18_UTC_4.jpg"
2024-11-03_18-47-28_UTC,no date or tour found,Art by @peregoncreative  / A @consciousalliance Poster,,,,2024-11-03_18-47-28_UTC.jpg
2024-11-03_18-47-41_UTC,no date or tour found,Art by @toddslaterart,,,,2024-11-03_18-47-41_UTC.jpg
2024-11-03_18-47-54_UTC,no date or tour found,Art by @toddslaterart,,,,2024-11-03_18-47-54_UTC.jpg
2024-11-03_18-48-06_UTC,no date or tour found,Art by @mattleunig,,,,"2024-11-03_18-48-06_UTC_1.jpg,2024-11-03_18-48-06_UTC_2.jpg"
2024-11-03_18-48-16_UTC,no date or tour found,Art by @mazza_art,,,,"2024-11-03_18-48-16_UTC_1.jpg,2024-11-03_18-48-16_UTC_2.jpg"
2024-11-03_18-48-38_UTC,no date or tour found,Art by @peteschawvisuals,,,,"2024-11-03_18-48-38_UTC_1.jpg,2024-11-03_18-48-38_UTC_2.jpg"
2024-11-03_18-48-53_UTC,no date or tour found,Art by @bourbonsunday,,,,2024-11-03_18-48-53_UTC.jpg
2024-11-03_18-49-02_UTC,no date or tour found,Art by @statusserigraph,,,,"2024-11-03_18-49-02_UTC_1.jpg,2024-11-03_18-49-02_UTC_2.jpg"
2024-11-03_18-49-23_UTC,no date or tour found,Art by @housandarts  / (Amazing art - JMB),,,,"2024-11-03_18-49-23_UTC_1.jpg,2024-11-03_18-49-23_UTC_2.jpg"
2024-11-03_18-49-36_UTC,no date or tour found,Art by @jermainerogersart,,,,2024-11-03_18-49-36_UTC.jpg
2024-11-03_18-49-44_UTC,no date or tour found,Art by @addnoisestudios,,,,2024-11-03_18-49-44_UTC.jpg
2024-11-03_18-49-55_UTC,no date or tour found,Art by @davekloc,,,,"2024-11-03_18-49-55_UTC_1.jpg,2024-11-03_18-49-55_UTC_2.jpg"
2024-11-03_18-50-07_UTC,no date or tour found,Art by @danstovallcreates,,,,"2024-11-03_18-50-07_UTC_1.jpg,2024-11-03_18-50-07_UTC_2.jpg,2024-11-03_18-50-07_UTC_3.jpg"
2024-11-03_18-50-15_UTC,no date or tour found,Art by @twinhomeprints  / A @consciousalliance Poster,,,,2024-11-03_18-50-15_UTC.jpg
2024-11-03_18-50-23_UTC,no date or tour found,Art by @kentaylorart,,,,2024-11-03_18-50-23_UTC.jpg
2024-11-03_18-50-33_UTC,no date or tour found,Art by @suburban_avenger,,,,2024-11-03_18-50-33_UTC.jpg
2024-11-03_18-50-55_UTC,no date or tour found,Art by @nukuib,,,,"2024-11-03_18-50-55_UTC_1.jpg,2024-11-03_18-50-55_UTC_2.jpg"
2024-11-03_18-51-04_UTC,no artist credited; no date or tour found,Art by haxloeffler,,,,2024-11-03_18-51-04_UTC.jpg
2024-11-03_18-51-14_UTC,no artist credited; no date or tour found,Art by haxloeffler,,,,2024-11-03_18-51-14_UTC.jpg
2024-11-03_18-51-25_UTC,no date or tour found,Art by @jobvanrijen,,,,2024-11-03_18-51-25_UTC.jpg
2024-11-03_18-51-45_UTC,no date or tour found,Art by @simonmarchner  / (Great minimalism - JMB),,,,2024-11-03_18-51-45_UTC.jpg
2024-11-03_18-51-56_UTC,no date or tour found,Art by @elorasperber,,,,2024-11-03_18-51-56_UTC.jpg
2024-11-03_18-52-05_UTC,no date or tour found,Art by @littleroom.agency,,,,2024-11-03_18-52-05_UTC.jpg
2024-11-03_18-52-11_UTC,no date or tour found,Art by @michaelhackerillustration,,,,2024-11-03_18-52-11_UTC.jpg
2024-11-03_18-52-16_UTC,no date or tour found,Art by @zumheimathafen,,,,2024-11-03_18-52-16_UTC.jpg
2024-11-03_18-52-22_UTC,no date or tour found,Art by @drewmillward,,,,2024-11-03_18-52-22_UTC.jpg
2024-11-03_18-52-26_UTC,no date or tour found,Art by @urlo_the_mon,,,,2024-11-03_18-52-26_UTC.jpg
2024-11-03_18-52-31_UTC,no date or tour found,Art by @abficker_matze,,,,2024-11-03_18-52-31_UTC.jpg
2024-11-03_18-52-39_UTC,no date or tour found,Art by @farfante,,,,2024-11-03_18-52-39_UTC.jpg
2024-11-03_18-52-44_UTC,no date or tour found,Art by @maarten.donders,,,,2024-11-03_18-52-44_UTC.jpg
2024-11-03_18-52-51_UTC,no date or tour found,Art by @pkreizenbeck  / A @consciousalliance Poster,,,,"2024-11-03_18-52-51_UTC_1.jpg,2024-11-03_18-52-51_UTC_2.jpg"
2024-11-03_19-50-17_UTC,no date or tour found,Goosemas poster  / Art by @pollockprints,,,,"2024-11-03_19-50-17_UTC_1.jpg,2024-11-03_19-50-17_UTC_2.jpg,2024-11-03_19-50-17_UTC_3.jpg,2024-11-03_19-50-17_UTC_4.jpg,2024-11-03_19-50-17_UTC_5.jpg"
2024-11-03_19-50-30_UTC,no date or tour found,Art by @darinshock,,,,"2024-11-03_19-50-30_UTC_1.jpg,2024-11-03_19-50-30_UTC_2.jpg"
2024-11-03_19-51-02_UTC,no date or tour found,Art by @natemoonlife,,,,"2024-11-03_19-51-02_UTC_1.jpg,2024-11-03_19-51-02_UTC_2.jpg"
2024-11-03_19-51-15_UTC,no artist credited; no caption,,,,,2024-11-03_19-51-15_UTC.jpg
2024-11-03_19-51-25_UTC,no artist credited; no caption,,,,,2024-11-03_19-51-25_UTC.jpg
2024-11-03_19-51-38_UTC,no artist credited; no caption,,,,,2024-11-03_19-51-38_UTC.jpg
2024-11-03_19-51-53_UTC,no date or tour found,Art by @lurkanddestroy,,,,"2024-11-03_19-51-53_UTC_1.jpg,2024-11-03_19-51-53_UTC_2.jpg"
2024-11-03_19-52-04_UTC,no artist credited; no caption,,,,,2024-11-03_19-52-04_UTC.jpg
2024-11-03_19-58-21_UTC,no artist credited; no caption,,,,,2024-11-03_19-58-21_UTC.jpg
2024-11-03_19-58-30_UTC,no artist credited; no caption,,,,,2024-11-03_19-58-30_UTC.jpg
2024-11-03_19-58-47_UTC,no artist credited; no caption,,,,,2024-11-03_19-58-47_UTC.jpg
2024-11-03_19-59-10_UTC,no artist credited; no caption,,,,,2024-11-03_19-59-10_UTC.jpg
2024-11-05_00-23-47_UTC,no date or tour found,Art by @epicproblemz,,,,"2024-11-05_00-23-47_UTC_1.jpg,2024-11-05_00-23-47_UTC_2.jpg"
2024-11-05_03-35-44_UTC,no date or tour found,Art by @mathias_krebser,,,,2024-11-05_03-35-44_UTC.jpg
2024-11-05_03-37-22_UTC,no date or tour found,Art by @mazza_art,,,,"2024-11-05_03-37-22_UTC_1.jpg,2024-11-05_03-37-22_UTC_2.jpg"
2024-11-05_03-43-38_UTC,no date or tour found,Art by @drewmillward,,,,2024-11-05_03-43-38_UTC.jpg
2024-11-05_03-44-53_UTC,no date or tour found,Art by @drewmillward,,,,2024-11-05_03-44-53_UTC.jpg
2024-11-05_03-46-43_UTC,no date or tour found,Mann Center / Art by @spustastudio,,,,2024-11-05_03-46-43_UTC.jpg
2024-11-05_04-06-21_UTC,no date or tour found,The Salt Shed / Art by @_gipp  / A @consciousalliance Poster,,,,2024-11-05_04-06-21_UTC.jpg
2024-11-05_04-13-03_UTC,no date or tour found,Art by @bourbonsunday,,,,2024-11-05_04-13-03_UTC.jpg
2024-11-05_04-14-28_UTC,no date or tour found,Art by @mikaelajane,,,,2024-11-05_04-14-28_UTC.jpg
2024-11-05_04-16-11_UTC,no artist credited; no caption,,,,,2024-11-05_04-16-11_UTC.jpg
2024-11-05_04-17-51_UTC,no artist credited; no caption,,,,,2024-11-05_04-17-51_UTC.jpg
2024-11-05_04-19-19_UTC,no artist credited; no caption,,,,,2024-11-05_04-19-19_UTC.jpg
2024-11-05_04-21-27_UTC,no artist credited; no caption,,,,,2024-11-05_04-21-27_UTC.jpg
2024-11-05_04-23-16_UTC,no artist credited; no caption,,,,,2024-11-05_04-23-16_UTC.jpg
2024-11-06_13-48-24_UTC,no date or tour found,Art by @paulgranese,,,,2024-11-06_13-48-24_UTC.jpg
2024-11-06_14-30-47_UTC,no artist credited,"10/24/24 / Nashville, TN / Art by haxloeffler",2024-10-24,"2024-10-24 Ascend Amphitheater (Nashville, TN)",,2024-11-06_14-30-47_UTC.jpg
2024-11-06_14-56-23_UTC,no artist credited,"11/4/24 / Secret/Private Show / Charlotte, NC / Artist unknown (message me and I will update-JMB)",2024-11-04,"2024-11-04 The Revelry – North End (Charlotte, NC)",,2024-11-06_14-56-23_UTC.jpg
2024-11-11_14-43-22_UTC,no date or tour found,🪿Past Poster🪿 / Art by @dylanfantillustration,,,,2024-11-11_14-43-22_UTC.jpg
2024-11-11_14-45-16_UTC,no date or tour found,🪿Past Poster🪿 / Art by @milestsang,,,,2024-11-11_14-45-16_UTC.jpg
2024-11-11_14-46-56_UTC,no date or tour found,🪿Past Poster🪿 / Art by @arnokiss,,,,2024-11-11_14-46-56_UTC.jpg
2024-11-11_14-49-07_UTC,no date or tour found,🪿Past Poster🪿 / Art by @jtwilcox,,,,2024-11-11_14-49-07_UTC.jpg
2024-11-11_19-08-28_UTC,no date or tour found,🪿Past Poster🪿 / Goosemas 2020 - Rockefeller Center NYC / Art by @briansteely,,,,"2024-11-11_19-08-28_UTC_1.jpg,2024-11-11_19-08-28_UTC_2.jpg"
2025-02-15_10-59-44_UTC,no artist credited,"2/14/25 / Grand Rapids, MI - GLC Live at 20 Monroe / Art by haxloeffler - 18 x 24",2025-02-14,"2025-02-14 GLC Live at 20 Monroe (Grand Rapids, MI)",,"2025-02-15_10-59-44_UTC_1.jpg,2025-02-15_10-59-44_UTC_2.jpg"
2025-04-25_02-50-42_UTC,no artist credited,"4/24/25 / The Joy Theater - New Orleans, LA / Foie Gras & CrumpUntz Secret Show / Members of @goosetheband and @thediscobiscuits  / Artist u/k - please contact and I will update",2025-04-24,"2025-04-24 Fair Grounds Race Course (New Orleans, LA)",,2025-04-25_02-50-42_UTC.jpg
2025-05-09_13-47-51_UTC,2 shows kept on 2025-05-10; no artist credited,"5/8-10/25 / Viva El Gonzo / San Jose Del Cabo, MX / Art by (unknown - please message me will update)","2025-05-08,2025-05-09,2025-05-10","2025-05-08 Hotel El Ganzo (San José del Cabo, MEX) | 2025-05-09 Hotel El Ganzo (San José del Cabo, MEX) | 2025-05-10 Hotel El Ganzo (San José del Cabo, MEX) | 2025-05-10 Hotel El Ganzo (San José del Cabo, MEX)",,2025-05-09_13-47-51_UTC.jpg
2025-05-09_13-55-28_UTC,2 shows kept on 2025-05-10,"5/10/25 / Viva El Gonzo / San Jose Del Cabo, MX / Art by @rodolfobaquier - 18x24",2025-05-10,"2025-05-10 Hotel El Ganzo (San José del Cabo, MEX) | 2025-05-10 Hotel El Ganzo (San José del Cabo, MEX)",,2025-05-09_13-55-28_UTC.jpg
2025-05-18_22-23-15_UTC,no canonid on 2025-03-11,"3/11/25 / Luna Luna - Everything Must Go Album Release / The Shed - NY, NY / Art by @pupsintrouble",2025-03-11,"2025-03-11 The Shed (New York, NY)",,"2025-05-18_22-23-15_UTC_1.jpg,2025-05-18_22-23-15_UTC_2.jpg"
2025-05-25_20-36-33_UTC,no canonid on 2019-03-19; no artist credited,🪿 Past Poster 🪿 / 3/19/19,2019-03-19,"2019-03-19 Relix Media Group (New York, NY)",,"2025-05-25_20-36-33_UTC_1.jpg,2025-05-25_20-36-33_UTC_2.jpg"
2025-05-25_20-40-01_UTC,no canonid on 2020-06-21,🪿 Past Poster 🪿 / Bingo Tour / 6/19-28/20 / Goose Community Rec Center / Art by @thejamesflames,"2020-06-19,2020-06-20,2020-06-21,2020-06-22,2020-06-23,2020-06-24,2020-06-25,2020-06-26,2020-06-27,2020-06-28","2020-06-19 [Unknown Venue] (""Goose Community Rec Center"") ([Unknown], [UNK]) | 2020-06-20 [Unknown Venue] (""Goose Community Rec Center"") ([Unknown], [UNK]) | 2020-06-21 Red Rocks Park and Amphitheatre (Morrison, CO) | 2020-06-26 [Unknown Venue] (""Goose Community Rec Center"") ([Unknown], [UNK]) | 2020-06-27 [Unknown Venue] (""Goose Community Rec Center"") ([Unknown], [UNK]) | 2020-06-28 [Unknown Venue] (""Goose Community Rec Center"") ([Unknown], [UNK])",,2025-05-25_20-40-01_UTC.jpg
2025-05-25_20-47-54_UTC,no artist credited,"🪿 Past Poster 🪿  / 10/2-3/20 / Burlington, VT and Swanzey, NH / Art by Levy and Asheville Art Family","2020-10-02,2020-10-03","2020-10-02 Higher Ground (South Burlington, VT) | 2020-10-03 Cheshire Fairgrounds (Swanzey, NH)",,2025-05-25_20-47-54_UTC.jpg
2025-05-25_20-50-51_UTC,no artist credited,🪿 Past Poster 🪿  / Winter Tour 2020 (ill-fated),,,2020 Winter,"2025-05-25_20-50-51_UTC_1.jpg,2025-05-25_20-50-51_UTC_2.jpg"
2025-05-25_21-22-14_UTC,no date or tour found,🪿 Past Poster 🪿  / Goosemas VI / Wall Street Theater / Art by @jonnylovering,,,,"2025-05-25_21-22-14_UTC_1.jpg,2025-05-25_21-22-14_UTC_2.jpg"
2025-05-25_21-24-33_UTC,no artist credited,"🪿 Past Poster 🪿  / 10/15, 17, 19/20","2020-10-15,2020-10-17,2020-10-19","2020-10-15 Legend Valley (Thornville, OH) | 2020-10-17 Smokey Mountain Event Center (Waynesville, NC) | 2020-10-19 Frederick Fairgrounds (Frederick, MD)",,2025-05-25_21-24-33_UTC.jpg
2025-05-25_21-26-53_UTC,tour name not in tours table,🪿 Past Poster 🪿  / Midwest Tour 2019 / Art by @tortoiseandthefox,,,Midwest Tour 2019,"2025-05-25_21-26-53_UTC_1.jpg,2025-05-25_21-26-53_UTC_2.jpg"
2025-05-25_22-25-36_UTC,no date or tour found,🪿 Past Poster 🪿  / Shenanigans Night Club Movie Poster / Art by @thejamesflames,,,,2025-05-25_22-25-36_UTC.jpg
2025-05-25_22-31-19_UTC,no canonid on 2020-10-30; no canonid on 2020-10-31,"🪿 Past Poster 🪿  / 10/30-31/20 - (cancelled shows)  / Morris, CT - South Farms / Art by @thejamesflames","2020-10-30,2020-10-31","2020-10-30 South Farms (Morris, CT) | 2020-10-31 South Farms (Morris, CT)",,2025-05-25_22-31-19_UTC.jpg
2025-05-30_16-24-30_UTC,no artist credited,"🪿 Past Poster 🪿  / 9/3/24 / Boston, MA - MGM Music Hall at Fenway",2024-09-03,"2024-09-03 MGM Music Hall at Fenway (Boston, MA)",,2025-05-30_16-24-30_UTC.jpg
2025-06-01_18-45-04_UTC,no artist credited,🪿 Past Poster 🪿  / 12/23/16 / Goosemas 3,2016-12-23,"2016-12-23 Factory Underground Studio (Norwalk, CT)",,"2025-06-01_18-45-04_UTC_1.jpg,2025-06-01_18-45-04_UTC_2.jpg"
2025-06-13_12-55-49_UTC,no artist credited,🪿 Past Poster 🪿  / 1/26-28/22,"2022-01-26,2022-01-27,2022-01-28","2022-01-26 Marquee Theatre Tempe (Tempe, AZ) | 2022-01-27 The Observatory North Park (San Diego, CA) | 2022-01-28 The Fonda Theatre (Los Angeles, CA)",,"2025-06-13_12-55-49_UTC_1.jpg,2025-06-13_12-55-49_UTC_2.jpg"
2025-06-13_14-27-36_UTC,no artist credited,🪿 Past Poster 🪿  / Goosemas 4 / 12/23/17 / Peter’s First Show as Member of the Organization,2017-12-23,"2017-12-23 Factory Underground Studio (Norwalk, CT)",,2025-06-13_14-27-36_UTC.jpg
2025-06-13_14-31-29_UTC,no artist credited,"🪿 Past Poster 🪿  / 7/25-28/19 / Peach Music Festival - Show that put Goose on the radar. / Scranton, PA - Montage Mountain / (Check out the last line and you’ll see Goose)","2019-07-25,2019-07-26,2019-07-27,2019-07-28","2019-07-25 Orlando's Bar and Lounge (Burlington, VT) | 2019-07-27 The Pavilion at Montage Mountain (Scranton, PA)",,"2025-06-13_14-31-29_UTC_1.jpg,2025-06-13_14-31-29_UTC_2.jpg"
2025-06-13_20-55-45_UTC,no canonid on 2021-12-18; no artist credited,🪿 Past Poster 🪿  / Goosemas / 12/18/21 / Mohegan Sun Arena,2021-12-18,"2021-12-18 Mohegan Sun Arena (Uncasville, CT)",,"2025-06-13_20-55-45_UTC_1.jpg,2025-06-13_20-55-45_UTC_2.jpg"
2025-06-17_20-18-16_UTC,no date or tour found,Goose Summer VIP Poster / All Summer Tour Dates / Art by @schnitzelbearstudios - 18x24,,,,2025-06-17_20-18-16_UTC.jpg
2025-06-17_20-20-15_UTC,no date or tour found,Jeni’s Goose Tracks Poster / Summer 2025 / Jeni’s Ice Cream Promotional Poster - @jenisicecreams  / Art by @pupsintrouble,,,,"2025-06-17_20-20-15_UTC_1.jpg,2025-06-17_20-20-15_UTC_2.jpg"
2025-06-27_21-06-41_UTC,2 shows kept on 2026-05-07; 2 shows kept on 2026-05-09; no artist credited,"5/7-9/26 / Viva El Gonzo II / San Jose Del Cabo, MX","2026-05-07,2026-05-08,2026-05-09","2026-05-07 Hotel El Ganzo (San José del Cabo, MEX) | 2026-05-07 Hotel El Ganzo (San José del Cabo, MEX) | 2026-05-08 Hotel El Ganzo (San José del Cabo, MEX) | 2026-05-09 Hotel El Ganzo (San José del Cabo, MEX) | 2026-05-09 Hotel El Ganzo (San José del Cabo, MEX)",,2025-06-27_21-06-41_UTC.jpg
2025-09-27_00-01-53_UTC,no date or tour found,Fall ‘25 VIP Poster / Art by @drawjanedraws,,,,2025-09-27_00-01-53_UTC.jpg
2025-12-10_00-17-17_UTC,no artist credited,"In celebration of Goosemas XII, I’ll be collecting all previous Goosemas posters in a series of posts for you to enjoy! /  / GOOSEMAS I /  / 12/20/14 at the Factory Underground Studio in Norwalk, CT /  / Goosemas I had no known poster. But supposedly Coach provided pizza and beer kegs, Goose played three sets, and the Goosemas at the Factory tradition was born!",2014-12-20,"2014-12-20 Factory Underground Studio (Norwalk, CT)",,"2025-12-10_00-17-17_UTC_1.jpg,2025-12-10_00-17-17_UTC_2.jpg"
2025-12-10_00-24-01_UTC,no artist credited,"GOOSEMAS II  /  / 12/19/15 at the Factory Underground Studio in Norwalk, CT /  / Oldest Goose poster I can find. Incomplete setlist, but supposedly “Gringo” and “Carol of the Bells” were played.",2015-12-19,"2015-12-19 Factory Underground Studio (Norwalk, CT)",,2025-12-10_00-24-01_UTC.jpg
2025-12-10_00-41-29_UTC,no artist credited,"GOOSEMAS III  /  / 12/23/16 at the Factory Underground Studio in Norwalk, CT /  / No known setlist for this Goosemas!",2016-12-23,"2016-12-23 Factory Underground Studio (Norwalk, CT)",,"2025-12-10_00-41-29_UTC_1.jpg,2025-12-10_00-41-29_UTC_2.jpg"
2025-12-10_00-45-23_UTC,no artist credited,"GOOSEMAS IV /  / 12/23/17 at the Factory Underground Studio in Norwalk, CT /  / Handini’s (Pete Anspach’s) first show as an official member of Goose.",2017-12-23,"2017-12-23 Factory Underground Studio (Norwalk, CT)",,2025-12-10_00-45-23_UTC.jpg
2025-12-10_00-53-22_UTC,no artist credited,"GOOSEMAS V /  / 12/22/18 at Cantiki SoNo in Norwalk, CT /  / FTP for “White Lights,” a personal favorite. Must’ve brought down the house because Cantiki SoNo has since closed.",2018-12-22,"2018-12-22 Cantiki SoNo (Norwalk, CT)",,"2025-12-10_00-53-22_UTC_1.jpg,2025-12-10_00-53-22_UTC_2.jpg,2025-12-10_00-53-22_UTC_3.jpg"
2025-12-10_01-23-02_UTC,no artist credited,"GOOSEMAS VI /  / 12/21/19 at the Wall Street Theater in Norwalk, CT /  / Theme show! First set was Ghost of Goosemas Past and the second was Ghost of Goosemas Future. Features a canned food drive and the FTP of “Honeybee.”",2019-12-21,"2019-12-21 Wall Street Theater (Norwalk, CT)",,"2025-12-10_01-23-02_UTC_1.jpg,2025-12-10_01-23-02_UTC_2.jpg"
2025-12-10_01-30-01_UTC,no artist credited,"GOOSEMAS VII /  / 12/11/20 at the Rockefeller Center Loft and Garden (rooftop show) in New York, NY /  / First Goosemas outside Norwalk and first to be live streamed. COVID didn’t slow Goose down and Goosemas VII was the icing on the cake. My personal first Goosemas. Insane version of “You and Whose Army.”",2020-12-11,"2020-12-11 620 Loft & Garden (New York, NY)",,"2025-12-10_01-30-01_UTC_1.jpg,2025-12-10_01-30-01_UTC_2.jpg"
2025-12-10_01-38-20_UTC,no artist credited,"GOOSEMAS VIII /  / 2/26/22 at the Mohegan Sun Arena in Uncasville, CT.  /  / Originally scheduled for 12/18/21 at the Mohegan Sun Arena in Uncasville, CT. This date was canceled due to a COVID case in the touring crew. /  / Goose’s biggest headlining show to date! Spud (Ben Atkind) proposed to his girlfriend during the show. FTP for “Dripfield” and “Hungersite.”",2022-02-26,"2022-02-26 Mohegan Sun Arena (Uncasville, CT)",,"2025-12-10_01-38-20_UTC_1.jpg,2025-12-10_01-38-20_UTC_2.jpg"
2025-12-10_01-48-23_UTC,no artist credited,"GOOSEMAS IX /  / 12/16-17/22 at the 1STBANK Center in Broomfield, CO /  / First two-day Goosemas celebration. For the second set on both nights, ping pong balls with fan requests determined the set lists.","2022-12-16,2022-12-17","2022-12-16 1stBank Center (Broomfield, CO) | 2022-12-17 1stBank Center (Broomfield, CO)",,"2025-12-10_01-48-23_UTC_1.jpg,2025-12-10_01-48-23_UTC_2.jpg,2025-12-10_01-48-23_UTC_3.jpg"
2025-12-10_02-10-21_UTC,no artist credited,"GOOSEMAS XI /  / 12/13-14/24 at the North Charleston Coliseum and Performing Arts Center in Charleston, SC /  / Bingo night! Both nights’ setlists were randomly determined by drawing bingo balls. Premier of the famous D&BFlamingos song where Snakes (Rick Mitarotonda) and Handini crowdsurfed on inflatable flamingos 🦩.","2024-12-13,2024-12-14","2024-12-13 North Charleston Coliseum & Performing Arts Center (North Charleston, SC) | 2024-12-14 North Charleston Coliseum & Performing Arts Center (North Charleston, SC)",,"2025-12-10_02-10-21_UTC_1.jpg,2025-12-10_02-10-21_UTC_2.jpg,2025-12-10_02-10-21_UTC_3.jpg"
2025-12-12_22-30-45_UTC,no date or tour found,"GOOSEMAS XII /  / Amica Mutual Pavilion in Providence, RI / Art by @blue_sun_printing",,,,"2025-12-12_22-30-45_UTC_1.jpg,2025-12-12_22-30-45_UTC_2.jpg"
2026-03-30_22-53-48_UTC,2 shows kept on 2026-05-07; 2 shows kept on 2026-05-09; no artist credited,"5/7-9/26 / Viva El Gonzo Lineup Poster / San Jose Del Cabo, Mexico","2026-05-07,2026-05-08,2026-05-09","2026-05-07 Hotel El Ganzo (San José del Cabo, MEX) | 2026-05-07 Hotel El Ganzo (San José del Cabo, MEX) | 2026-05-08 Hotel El Ganzo (San José del Cabo, MEX) | 2026-05-09 Hotel El Ganzo (San José del Cabo, MEX) | 2026-05-09 Hotel El Ganzo (San José del Cabo, MEX)",,2026-03-30_22-53-48_UTC.jpg
2026-05-09_02-16-28_UTC,2 shows kept on 2026-05-07,"5/7/26 / Viva El Gonzo Poster / San Jose Del Cabo, Mexico  / Art by @zocastudio",2026-05-07,"2026-05-07 Hotel El Ganzo (San José del Cabo, MEX) | 2026-05-07 Hotel El Ganzo (San José del Cabo, MEX)",,2026-05-09_02-16-28_UTC.jpg
2026-05-10_21-38-28_UTC,2 shows kept on 2026-05-09,5/9/26 / Viva El Gonzo Show / San Jose Del Cabo - Mexico / Art by @summer.bluess,2026-05-09,"2026-05-09 Hotel El Ganzo (San José del Cabo, MEX) | 2026-05-09 Hotel El Ganzo (San José del Cabo, MEX)",,2026-05-10_21-38-28_UTC.jpg
2026-05-10_21-40-30_UTC,2 shows kept on 2026-05-07; 2 shows kept on 2026-05-09,5/7-9/26 / Viva El Gonzo / San Jose Del Cabo - Mexico  / Art by @jimenaduval,"2026-05-07,2026-05-08,2026-05-09","2026-05-07 Hotel El Ganzo (San José del Cabo, MEX) | 2026-05-07 Hotel El Ganzo (San José del Cabo, MEX) | 2026-05-08 Hotel El Ganzo (San José del Cabo, MEX) | 2026-05-09 Hotel El Ganzo (San José del Cabo, MEX) | 2026-05-09 Hotel El Ganzo (San José del Cabo, MEX)",,2026-05-10_21-40-30_UTC.jpg
